Contract,Storage Slot,New Value
0x04c154b66cb340f3ae24111cc767e0184ed00cc6,0x1b86725c564bddb0680bbcc3ae4cb5dc0a13930a3058c75ba6b5c24ef938574e,0x66acc59e7c02c95738
0x04c154b66cb340f3ae24111cc767e0184ed00cc6,0x53ab90c62337ac085c5b9bb0915b314d07306fc9b69a32c569a037401b519b3b,0x3eda690ebb633bdf0
0x04c154b66cb340f3ae24111cc767e0184ed00cc6,0x34ccaf31c47464f2222f9220bec3849c8d7b3e840f26cf0cfcc8626bf11299d9,0xffffffffffffffffffffffffffffffffffffffffffffffffffffffffffffffff
0x1899ad7268e4e76d21b6a04061e17cec847a111b,0x0,0xb89bc2984d589
0x1899ad7268e4e76d21b6a04061e17cec847a111b,0x8,0x686cf957000000000000000000231a5e651f000000000003dab58ea45e70dca5
0x1899ad7268e4e76d21b6a04061e17cec847a111b,0x8,0x686cf957000000000000000000231a5e651f000000000003dab58ea45e70dca5
0x1899ad7268e4e76d21b6a04061e17cec847a111b,0x8,0x686cf957000000000000000000231a5e651f000000000003dab58ea45e70dca5
0x1899ad7268e4e76d21b6a04061e17cec847a111b,0x9,0x5f99832a68c6eace87ffc9165a0
0x1899ad7268e4e76d21b6a04061e17cec847a111b,0xa,0x170dd0069473d49eeddc0e0987bec76125ef372a64
0x1899ad7268e4e76d21b6a04061e17cec847a111b,0x314933e7a7306b6812034e654353a3bcbd4abffd9d4b219ac6819d469b8d6620,0xffffffffffffffffffffffffffffffffffffffffffffffffffffffffffffffff
0x1899ad7268e4e76d21b6a04061e17cec847a111b,0x4eac606b2101ace1ed42e572ed192308bcc8a51436be5610799940b86f4282d3,0xb89bc2984d1a1
0x1ff3fdd052edc3dd83673e2d8165da6fb1b184c1,0x9,0xb89bc2984d1a1
0x1ff3fdd052edc3dd83673e2d8165da6fb1b184c1,0x3266161cc0cb401c0df3a04c34107f70dac79fa4b1fb6f368a8aa723c74026b0,0xb89bc2984d1a0
0x1ff3fdd052edc3dd83673e2d8165da6fb1b184c1,0x4b74038f87a1b98c63d6836bc5e29ae957e04dcc216a59559a96c1f46cfe818f,0xe9058072
0x1ff3fdd052edc3dd83673e2d8165da6fb1b184c1,0x4b74038f87a1b98c63d6836bc5e29ae957e04dcc216a59559a96c1f46cfe8190,0xec9c8b7
0x1ff3fdd052edc3dd83673e2d8165da6fb1b184c1,0x4ddc44ba461c3b40e2b3a4a0ee5d5e17cc271f4ab521c6226e9dc51ef0c9f2d5,0xec9c8b7
0x1ff3fdd052edc3dd83673e2d8165da6fb1b184c1,0xad28388e231cb8c12d1f0674ae49738c080e1caff1bb5f7b043adf6c271dd2a2,0x4141b3fea8d9e360ab
0x1ff3fdd052edc3dd83673e2d8165da6fb1b184c1,0xd14e07ad7dad26607b2f37fc530281216f813ccf7cb405dfb83f265dad366b0a,0xec9c8b8
0x3717e340140d30f3a077dd21fac39a86ace873aa,0x9,0x2c36bdd21bd
0x3717e340140d30f3a077dd21fac39a86ace873aa,0xa,0x2a87b58b65b
0x3717e340140d30f3a077dd21fac39a86ace873aa,0x998042c93270e01834d8a2b822e3a151d8ea0d06f89118d20b9bc24ea92e2279,0x517da02c00
0x3717e340140d30f3a077dd21fac39a86ace873aa,0xad28388e231cb8c12d1f0674ae49738c080e1caff1bb5f7b043adf6c271dd2a2,0x517da02c00
0x3717e340140d30f3a077dd21fac39a86ace873aa,0xd14e07ad7dad26607b2f37fc530281216f813ccf7cb405dfb83f265dad366b0a,0x3d4bb3c3b021d8ae38f3caa
0x7cbbe5d46146e69cd09d26f317ebadd324fc3e9d,0x35a3c307561910b9be049b8b45ec6024d3e29f5583a9a85fc55148e0481e4588,0xb89bc2984d1a0
0x7cbbe5d46146e69cd09d26f317ebadd324fc3e9d,0x52c63247e1f47db19d5ce0460030c497f067ca4cebf71ba98eeadabe20bace02,0xb89bc2984d1a1
0x7cbbe5d46146e69cd09d26f317ebadd324fc3e9d,0x9bf09e4ae2e1c6ab149f4b303b5002a206fea58c619cacffc4a30c7547769cb7,0xffffffffffffffffffffffffffffffffffffffffffffffffffffffffffffffff
0x82788c99bd80ad2d7bba1fb12b0eac97ccf2e91f,0x19,0x3e59604fc71767d0e
0x82788c99bd80ad2d7bba1fb12b0eac97ccf2e91f,0x1a,0x100010000000000686cf9570000000000000000
0x82788c99bd80ad2d7bba1fb12b0eac97ccf2e91f,0x1e4cc5d33d968d5013f7ce85065923c6864ecff845c817ab5717e9cec6087bc1,0x519254c47bb0c
0x82788c99bd80ad2d7bba1fb12b0eac97ccf2e91f,0x52c63247e1f47db19d5ce0460030c497f067ca4cebf71ba98eeadabe20bace02,0x3e59604fc71767d0e
0x82788c99bd80ad2d7bba1fb12b0eac97ccf2e91f,0x7fb32a0bdecae651a216a0cd0ec6a218ec4fdd548582ab57bcd6893118d32224,0x3dab58ea45e70dca5
0x82788c99bd80ad2d7bba1fb12b0eac97ccf2e91f,0xf59ff9310f29dd58debc06a58e75a213ad0ad0306f90dd7291404c504de0706b,0x3eda690ebb633bdf0
0x82788c99bd80ad2d7bba1fb12b0eac97ccf2e91f,0xfbd15975bafce39f97415ae75841981badf3676d69da8e86f570a1ef016c6aeb,0xaa6216fca04708c
0x88e6a0c2ddd26feeb64f039a2c41296fcb3f5640,0x0,0x10002d302d301f10304ad0000000000004d0fcef51d7c92582dfdebdd67f3
0x88e6a0c2ddd26feeb64f039a2c41296fcb3f5640,0x1,0xc36465bb96bce1a8a0e61d74ee27
0x88e6a0c2ddd26feeb64f039a2c41296fcb3f5640,0x4,0x29a66b8614229bfe
0x88e6a0c2ddd26feeb64f039a2c41296fcb3f5640,0x1f9,0x10000000000000001f1ff9ff21eb89fdcc5dff6f20017d2cbd6ba1b686cf957
0x88e6a0c2ddd26feeb64f039a2c41296fcb3f5640,0x6a8abcbab4c14423fc0aecaff0a670014c603691c23d3b9c6cf8d0ef01650057,0x130070756f3efbf455043e8c47b1
0x88e6a0c2ddd26feeb64f039a2c41296fcb3f5640,0x6a8abcbab4c14423fc0aecaff0a670014c603691c23d3b9c6cf8d0ef01650058,0x21ff3e3027be49a7d16c8e6771059a4c5f5
0x88e6a0c2ddd26feeb64f039a2c41296fcb3f5640,0x6a8abcbab4c14423fc0aecaff0a670014c603691c23d3b9c6cf8d0ef01650059,0x100d81e78000000000000000002b207d8758bd45f5d8b34b3000291d510677c
0x88e6a0c2ddd26feeb64f039a2c41296fcb3f5640,0x7251911be4e58ed193114f163c2f75ab1fe79ac9432132a5b92ad9ece931c4bb,0x132af40292e2357640eaefb37dcc
0x88e6a0c2ddd26feeb64f039a2c41296fcb3f5640,0x7251911be4e58ed193114f163c2f75ab1fe79ac9432132a5b92ad9ece931c4bc,0x2241cc678a145611b97b8c0db797802072c
0x88e6a0c2ddd26feeb64f039a2c41296fcb3f5640,0x7251911be4e58ed193114f163c2f75ab1fe79ac9432132a5b92ad9ece931c4bd,0x100d950fc000000000000000002b6229e786228e5ec24072d000295729a0934
0x91d07e071ed64ea2a11ecea0a067e275697f404b,0x2,0xb89bc2984d1a0
0x91d07e071ed64ea2a11ecea0a067e275697f404b,0x10,0xb89bc2984d1a0
0x91d07e071ed64ea2a11ecea0a067e275697f404b,0x2632596210e89e5d8d9ad3933271d88e8e4ea6b3836fa0051382e2c3e669a0a0,0xb89bc2984d1a0
0x91d07e071ed64ea2a11ecea0a067e275697f404b,0xc7dc8514a649d31ed50e955b94380038a1fd620b82702f2086190f642ef95a4d,0xffffffffffffffffffffffffffffffffffffffffffffffffffffffffffffffff
0xa0b86991c6218b36c1d19d4a2e9eb0ce3606eb48,0x1f21a62c4538bacf2aabeca410f0fe63151869f172e03c0e00357ba26a341eff,0x3cfb0392d7ea
0xa0b86991c6218b36c1d19d4a2e9eb0ce3606eb48,0xd112e1fece63d2ff9f8cb5eb959d7fc07d7a9df2816ec882c86ca431bd60dbaa,0x28929ada56
0xa0b86991c6218b36c1d19d4a2e9eb0ce3606eb48,0xe045fdc1841737345b2d306c5e9ee110d62b65a9854e553c465b23c7862245bf,0x1af084789a
0xa0b86991c6218b36c1d19d4a2e9eb0ce3606eb48,0xecd168fd3aa38481113e9b1cc4de3172bf3ff94e63cb1004c3a4f21aba2ff50c,0x0
0xa0b86991c6218b36c1d19d4a2e9eb0ce3606eb48,0x8875ff647d081cde22d2c56111f4c1837839e5a7b081ee98a5033134eed9ded6,0xffffffffffffffffffffffffffffffffffffffffffffffffffffcaba2f830890
0xa0b86991c6218b36c1d19d4a2e9eb0ce3606eb48,0xf48063e5f05e2744c6e637be99b47387c2dcbddf2050fc61d595dd03648016d5,0xffffffffffffffffffffffffffffffffffffffffffffffffffffffd8fe0a47e4
0xc02aaa39b223fe8d0a0e5c4f27ead9083c756cc2,0x1b86725c564bddb0680bbcc3ae4cb5dc0a13930a3058c75ba6b5c24ef938574e,0x3f7caf7e3449eca625
0xc02aaa39b223fe8d0a0e5c4f27ead9083c756cc2,0x390f6178407c9b8e95802b8659e6df8e34c1e3d4f8d6a49e6132bbcdd937b63a,0x26d2fe531e5c829c41f
0xc02aaa39b223fe8d0a0e5c4f27ead9083c756cc2,0x28aaaca3aa25f4b0394c3bb02e8f4639785026cfb63442c7dcea4ce648bfcfe7,0xffffffffffffffffffffffffffffffffffffffffffffffffffffffffffffffff
0xc8eb2cf2f792f77af0cd9e203305a585e588179d,0x2,0x3f7caf7e3449eca625
0xc8eb2cf2f792f77af0cd9e203305a585e588179d,0x3,0x66acc59e7c02c95738
0xc8eb2cf2f792f77af0cd9e203305a585e588179d,0x12,0xbbed5d53e6174e
0xc8eb2cf2f792f77af0cd9e203305a585e588179d,0x1a,0xddb84540e7ded7600000000000000000ddc088f9a9f861c
0xc8eb2cf2f792f77af0cd9e203305a585e588179d,0x22,0xa576b889e45ad79a6600000000000000a624e04f683b414863
0xc8eb2cf2f792f77af0cd9e203305a585e588179d,0x25,0x686cf957000000000000000000000000686cf957
0xca1154bbd62c21868a358f9f782b90d69af600b0,0xc,0x67ebef4c15
0xca1154bbd62c21868a358f9f782b90d69af600b0,0x1a,0x233e85a00000000001455bf2900000000686cf95700002710015d079a
0xca1154bbd62c21868a358f9f782b90d69af600b0,0x1c,0x686cf957
0xca1154bbd62c21868a358f9f782b90d69af600b0,0x1d,0x105e01f548ef89d3000
0xca1154bbd62c21868a358f9f782b90d69af600b0,0x1e,0x105e01f548ef89d3000
0xca1154bbd62c21868a358f9f782b90d69af600b0,0x1f,0x67ebef4c1500000000000000000000007b36768623
0xca1154bbd62c21868a358f9f782b90d69af600b0,0x20,0x62a925e06100000000000000000000007b36768623
0xca1154bbd62c21868a358f9f782b90d69af600b0,0x21,0xb89bc2984d1a0
0xca1154bbd62c21868a358f9f782b90d69af600b0,0x24,0x9f0
0xca1154bbd62c21868a358f9f782b90d69af600b0,0x15a700f0c44f15c03e233311be1c0f1ef869dc5f8a628d2e79a739c332e620e9,0x87d1
0xca1154bbd62c21868a358f9f782b90d69af600b0,0x644c2d2f40ff2a471ad763e17eaf6266737fe440752c59b21c8040621068c698,0x1
0xca1154bbd62c21868a358f9f782b90d69af600b0,0x7d013c3224e1af794c178773d532e30f3de73c493260e68d9ac2c411a7ecc420,0xace484d202b55
0xca1154bbd62c21868a358f9f782b90d69af600b0,0x8486e772f4a778210b7012098d1eb61634077569159addb411fe15f0f1befeab,0x44bb5ee4d6
0xca1154bbd62c21868a358f9f782b90d69af600b0,0x8d78774a0095ad0784c583dca437085d6cf97eeaadcef1d516cadd34ec1c8a65,0x8aebba
0xca1154bbd62c21868a358f9f782b90d69af600b0,0x8f4a33e24a69365d8fd949e3653aa0770277a6ab740c4bdb53781e8ee5c0a76e,0x60368b20d7
0xca1154bbd62c21868a358f9f782b90d69af600b0,0xc5014bb6fdb059ccf0bf30628f7457d828bb30cbcb83cce49edc2a233f561e6f,0x231a5e651f
0xca1154bbd62c21868a358f9f782b90d69af600b0,0xcda1550a5c19fcff94ecd0a6b2dd616ad1b4f0e3ff368b0f582cc332e415ac43,0xec9c8b7
